Brainwalker,Robyn Mundell,No encontrado,2016,"['fantasy', 'young-adult', 'childrens', 'childrens', 'middle-grade', 'adventure', 'science-fiction-fantasy', 'young-adult', 'young-adult-fantasy', 'fiction', 'drama', 'new-adult']",21809,4.36,http://www.goodreads.com/book/show/30346601-brainwalker
Pleasant Day,Vera Jane Cook,No encontrado,2015,"['contemporary', 'drama', 'book-club', 'fiction', 'novels', 'epic']",5688,4.32,http://www.goodreads.com/book/show/44575575-pleasant-day
"Karolina Dalca, Dark Eyes",M.R. Noble,No encontrado,2020,"['novels', 'fiction', 'drama', 'contemporary', 'epic']",6804,4.27,http://www.goodreads.com/book/show/55605912-karolina-dalca-dark-eyes
Dueling Fates,Stephanie M. Allen,No encontrado,2020,"['epic', 'novels', 'drama', 'fiction', 'contemporary']",6346,4.3,http://www.goodreads.com/book/show/54331802-dueling-fates
Tooth for Tooth,J.K. Franko,No encontrado,2020,"['fiction', 'novels', 'drama', 'contemporary', 'epic']",6219,4.31,http://www.goodreads.com/book/show/52117056-tooth-for-tooth
Slow Brewing Tea,Randy Loubier,No encontrado,2020,"['fiction', 'drama', 'novels', 'contemporary', 'book-club', 'inspirational', 'education']",7279,4.29,http://www.goodreads.com/book/show/55014950-slow-brewing-tea
Red Storm Rising,Tom Clancy,No encontrado,1986,"['fiction', 'thriller', 'war', 'military-fiction', 'war', 'action', 'spy-thriller', 'espionage', 'suspense', 'adventure', 'mystery', 'historical', 'historical-fiction']",71673,4.17,http://www.goodreads.com/book/show/318525.Red_Storm_Rising
Where There's Smoke,Kirsten Fullmer,No encontrado,2020,"['contemporary', 'drama', 'fiction', 'novels', 'epic']",6682,4.25,http://www.goodreads.com/book/show/53354670-where-there-s-smoke
JOURNEY TO THE WEST: A Long March from Eastern Dream to Western Reality,Biao  Wang,No encontrado,2020,"['autobiography', 'memoir']",51,4.57,http://www.goodreads.com/book/show/56397497-journey-to-the-west
A Bird Without Wings,Roberta Pearce,No encontrado,2013,"['romance', 'contemporary', 'romance', 'contemporary-romance']",170,4.17,http://www.goodreads.com/book/show/19181419-a-bird-without-wings
Frankie the Ferret,Kimberley   Paterson,No encontrado,2019,"['contemporary', 'fiction', 'epic']",1467,4.33,http://www.goodreads.com/book/show/52677419-frankie-the-ferret
A Summer of Good-Byes (Blue Triangle Press Book 2),Fred Misurella,No encontrado,2017,"['fiction', 'novels', 'adult', 'contemporary', 'adventure', 'young-adult', 'new-adult', 'drama', 'book-club', 'mystery']",1714,4.36,http://www.goodreads.com/book/show/34937453-a-summer-of-good-byes
Thirteen for Dinner,Kathleen Lopez,No encontrado,2020,"['contemporary', 'novels', 'fiction', 'drama', 'epic']",1095,4.25,http://www.goodreads.com/book/show/55921885-thirteen-for-dinner
Appellate Judge: A Jack Ludefance Novel (Jack Ludefance PI Series),Behcet Kaya,No encontrado,2020,"['contemporary', 'fiction', 'drama', 'novels']",1146,4.32,http://www.goodreads.com/book/show/56121234-appellate-judge
"The Fairy Next Book (A Fairy Awesome Series, #2)",Ellie Aiden,No encontrado,2020,[],436,3.86,http://www.goodreads.com/book/show/56124048-the-fairy-next-book
The Fairiest Fairy of Them All,Ellie Aiden,No encontrado,2021,[],413,4.11,http://www.goodreads.com/book/show/56652791-the-fairiest-fairy-of-them-all
Crashing Down to Earth,Terry  Reid,No encontrado,2013,"['paranormal', 'angels']",102,4.33,http://www.goodreads.com/book/show/18136407-crashing-down-to-earth
The House at Pooh Corner and Now We Are Six,A.A. Milne,No encontrado,1997,"['childrens', 'classics', 'poetry', 'childrens', 'juvenile', 'fiction', 'animals']",658,4.27,http://www.goodreads.com/book/show/1370123.The_House_at_Pooh_Corner_and_Now_We_Are_Six
Diya aur baati hum,Snehlata Agarwala,No encontrado,2020,[],117,4.76,http://www.goodreads.com/book/show/52387868-diya-aur-baati-hum
Mad Love,Lynessa Layne,No encontrado,2020,[],66,4.21,http://www.goodreads.com/book/show/55961601-mad-love
A Taste of Peace,J.J. Sorel,No encontrado,2021,"['novels', 'drama', 'contemporary', 'fiction']",523,4.33,http://www.goodreads.com/book/show/56825276-a-taste-of-peace
Black Dagger Brotherhood: Boxed Set #1-6,J.R. Ward,No encontrado,2009,"['romance', 'paranormal-romance', 'paranormal', 'vampires', 'fantasy', 'paranormal', 'romance', 'fantasy', 'adult', 'fantasy', 'urban-fantasy', 'contemporary', 'adult-fiction', 'erotica', 'fiction']",8626,4.69,http://www.goodreads.com/book/show/6606305-black-dagger-brotherhood
A Gallery of Mothers,J.S. Latshaw,No encontrado,2020,"['epic', 'contemporary', 'drama', 'fiction', 'novels']",3585,4.32,http://www.goodreads.com/book/show/53773619-a-gallery-of-mothers
Problems at the Pub,Kirsten Fullmer,No encontrado,2020,"['fiction', 'contemporary', 'drama', 'novels', 'mystery']",577,4.33,http://www.goodreads.com/book/show/55927483-problems-at-the-pub
A House Without Windows,Stevie Turner,No encontrado,2014,"['mystery', 'thriller', 'thriller', 'mystery-thriller', 'fiction', 'suspense', 'dark', 'sociology', 'abuse', 'mystery', 'crime', 'adult', 'thriller', 'psychological-thriller']",593,3.59,http://www.goodreads.com/book/show/20880952-a-house-without-windows
Mack,Mimi Jean Pamfiloff,No encontrado,2016,"['fantasy', 'paranormal', 'romance', 'paranormal-romance', 'romance', 'dark', 'fantasy', 'mystery', 'suspense', 'fantasy', 'supernatural', 'contemporary', 'romance', 'contemporary-romance']",1766,4.19,http://www.goodreads.com/book/show/26119570-mack
"Understanding China: Learning from China's Past, Present, and Future",Stefan Piech,No encontrado,2020,"['cultural', 'china', 'politics', 'non-fiction']",28,4.21,http://www.goodreads.com/book/show/55692678-understanding-china
PACKFIRE: Simon Pack # 9,John M Vermillion,No encontrado,2020,"['contemporary', 'fiction', 'drama', 'novels']",1128,4.31,http://www.goodreads.com/book/show/56040881-packfire
The Rising,C.M. Meridian,No encontrado,2014,"['shapeshifters', 'werewolves', 'fantasy', 'urban-fantasy', 'paranormal', 'shapeshifters']",58,3.59,http://www.goodreads.com/book/show/23769683-the-rising
Deep World Fire,C.M. Meridian,No encontrado,2016,"['fantasy', 'fantasy', 'epic-fantasy']",53,4.15,http://www.goodreads.com/book/show/29587324-deep-world-fire
Visions,Lauren Klever,No encontrado,2012,"['fantasy', 'young-adult', 'adventure', 'fantasy', 'urban-fantasy', 'fiction', 'action', 'fantasy', 'paranormal', 'suspense', 'science-fiction', 'fantasy', 'magic']",138,4.37,http://www.goodreads.com/book/show/13583266-visions
Betrayal In Black,Mark M. Bello,No encontrado,No encontrado,"['contemporary', 'novels', 'epic', 'fiction']",929,4.39,http://www.goodreads.com/book/show/44597035-betrayal-in-black
Betrayal High,Mark M. Bello,No encontrado,2020,"['fiction', 'epic', 'contemporary', 'drama']",780,4.35,http://www.goodreads.com/book/show/54415724-betrayal-high
The Bridge To Caracas,Stephen Douglass,No encontrado,2011,"['thriller', 'mystery', 'crime', 'romance', 'drama', 'contemporary', 'fiction', 'business', 'amazon', 'mystery', 'suspense', 'thriller', 'mystery-thriller']",5114,3.62,http://www.goodreads.com/book/show/22842297-the-bridge-to-caracas
Stepping Beyond Intention,Daniel Mangena,No encontrado,2019,"['epic', 'novels', 'fiction', 'book-club', 'contemporary']",434,4.36,http://www.goodreads.com/book/show/41574189-stepping-beyond-intention
Whispers,Lauren Klever,No encontrado,2013,"['young-adult', 'action', 'fantasy', 'suspense', 'adventure']",72,4.39,http://www.goodreads.com/book/show/17214485-whispers
Shadows of Atlantis: Awakening,Mara Powers,No encontrado,2018,"['fiction', 'novels', 'book-club', 'fantasy', 'contemporary', 'adventure', 'adult', 'drama', 'fantasy', 'magic', 'young-adult']",547,4.36,http://www.goodreads.com/book/show/42967379-shadows-of-atlantis
The Fyfield Plantation,Andrew R.  Williams,No encontrado,2020,"['book-club', 'drama', 'contemporary', 'young-adult', 'epic', 'new-adult']",812,4.3,http://www.goodreads.com/book/show/41831457-the-fyfield-plantation
A Woman to Blame,Vincent Panettiere,No encontrado,2014,"['fiction', 'contemporary', 'novels', 'drama', 'epic']",1221,4.39,http://www.goodreads.com/book/show/52841333-a-woman-to-blame
Origins,Angelo Tsanatelis,No encontrado,2011,"['fantasy', 'fantasy', 'dark-fantasy', 'fiction']",56,3.88,http://www.goodreads.com/book/show/11390271-origins
The Wheel of Time: Boxed Set,Robert Jordan,No encontrado,1990,"['fantasy', 'fantasy', 'epic-fantasy', 'fiction', 'fantasy', 'high-fantasy', 'science-fiction-fantasy', 'epic', 'science-fiction']",10127,4.39,http://www.goodreads.com/book/show/1111600.The_Wheel_of_Time
Control,M.S. Willis,No encontrado,2013,"['romance', 'new-adult', 'dark', 'romance', 'contemporary-romance', 'suspense', 'contemporary', 'sociology', 'abuse', 'adult-fiction', 'erotica', 'romance', 'erotic-romance', 'romance', 'm-f-romance']",947,3.86,http://www.goodreads.com/book/show/17912005-control
Big Money: A Global Financial Thriller (Financial Conspiracy Series Book 1),James  Hudson,No encontrado,2020,[],40,4.15,http://www.goodreads.com/book/show/53052896-big-money
Manifesto of the Free People's Union,Jakub Lasak,No encontrado,2020,[],23,4.26,http://www.goodreads.com/book/show/53293947-manifesto-of-the-free-people-s-union
Fugly,Mimi Jean Pamfiloff,No encontrado,2015,"['romance', 'romance', 'contemporary-romance', 'contemporary', 'new-adult', 'adult', 'fiction', 'womens-fiction', 'chick-lit', 'humor', 'adult-fiction', 'erotica', 'romance', 'm-f-romance']",5222,3.92,http://www.goodreads.com/book/show/26119524-fugly
Miscellaneous Stuff & Stuff,Jim Henry,No encontrado,2013,[],18,3.67,http://www.goodreads.com/book/show/17563755-miscellaneous-stuff-stuff
Betrayal In Blue,Mark M. Bello,No encontrado,2018,"['contemporary', 'drama', 'novels', 'epic']",918,4.32,http://www.goodreads.com/book/show/41591675-betrayal-in-blue
مثنوی معنوی,Rumi,No encontrado,2010,"['poetry', 'philosophy', 'literature', 'classics', 'religion', 'spirituality', 'religion', 'islam', 'occult', 'mysticism', 'non-fiction', 'unfinished']",3738,4.46,http://www.goodreads.com/book/show/814318._
Another Sunny Day,D.K.  Janotta,No encontrado,2020,"['contemporary', 'novels', 'drama', 'epic', 'fiction']",244,4.41,http://www.goodreads.com/book/show/55897948-another-sunny-day
The Daughter Of Kurdland: A Life Dedicated to Humankind,Widad Akreyi,No encontrado,2019,"['history', 'autobiography', 'memoir']",53,4.74,http://www.goodreads.com/book/show/55506538-the-daughter-of-kurdland
From Brexit to Brazil,John Richard Spencer,No encontrado,2019,"['drama', 'contemporary', 'epic', 'fiction', 'novels']",526,4.29,http://www.goodreads.com/book/show/50905836-from-brexit-to-brazil
The Grim Reaper,William Hanna,No encontrado,2020,['contemporary'],482,4.26,http://www.goodreads.com/book/show/52445828-the-grim-reaper
"My Death Experiences - A Preacher’s 18 Apocalyptic Encounter with Death, Heaven & Hell.",Zion Odum,No encontrado,2014,[],27,4.63,http://www.goodreads.com/book/show/22031070-my-death-experiences---a-preacher-s-18-apocalyptic-encounter-with-death
Angles - Part I,Erin Lockwood,No encontrado,2016,[],56,4.43,http://www.goodreads.com/book/show/31818553-angles---part-i
Mallard the Quack,Adam Nicke,No encontrado,2020,[],33,4.76,http://www.goodreads.com/book/show/53445362-mallard-the-quack
MARS,Jasmine  Rose,No encontrado,2014,[],70,4.39,http://www.goodreads.com/book/show/23279048-mars
Herodotus 7-9,Herodotus,No encontrado,430,"['history', 'classics', 'non-fiction']",137,3.95,http://www.goodreads.com/book/show/2533529.Herodotus_7_9
The Broken Rose,Jeremy Forsyth,No encontrado,2017,"['fantasy', 'adventure', 'fiction']",60,4.42,http://www.goodreads.com/book/show/36440205-the-broken-rose
Pack's Posse (Simon Pack Book 8),John M. Vermillion,No encontrado,2020,"['drama', 'epic', 'fiction', 'contemporary', 'novels']",487,4.34,http://www.goodreads.com/book/show/54331661-pack-s-posse
What You Are Not Being Told about Vaccines: The Year of Truth 2019,Sharon Storm,No encontrado,2019,[],253,4.87,http://www.goodreads.com/book/show/44663953-what-you-are-not-being-told-about-vaccines
"The Maze Runner Trilogy (Maze Runner, #1-3)",James Dashner,No encontrado,2012,"['young-adult', 'science-fiction', 'dystopia', 'fiction', 'fantasy', 'science-fiction', 'mystery', 'young-adult', 'teen', 'apocalyptic', 'post-apocalyptic', 'adventure', 'action']",8284,4.19,http://www.goodreads.com/book/show/17292676-the-maze-runner-trilogy
The Assistant,Elle Brace,No encontrado,2014,"['romance', 'romance', 'contemporary-romance', 'contemporary', 'womens-fiction', 'chick-lit', 'humor', 'new-adult', 'love', 'adult-fiction', 'erotica', 'romance', 'm-f-romance']",3210,3.97,http://www.goodreads.com/book/show/22079615-the-assistant
Rembulan Tenggelam Di Wajahmu,Tere Liye,No encontrado,2009,"['novels', 'fiction', 'asian-literature', 'indonesian-literature', 'romance', 'drama', 'inspirational', 'philosophy', 'literature', 'fantasy', 'family']",9380,4.3,http://www.goodreads.com/book/show/1376124.Rembulan_Tenggelam_Di_Wajahmu
King of Wands (Kings of the Tarot Book 2),Anna Durbin,No encontrado,2020,"['epic', 'fiction', 'contemporary', 'novels', 'drama', 'romance', 'historical-romance']",327,4.29,http://www.goodreads.com/book/show/55318134-king-of-wands
The Infinite Jeff: A Parable of Change (Part 1),Will Holcomb,No encontrado,2012,['spirituality'],90,4.68,http://www.goodreads.com/book/show/18150272-the-infinite-jeff
"The Removable Root Cause of Cancers and other Chronic Diseases : The Effort Theory of Evolution, Chronic Diseases and Extinction",Paul Ola,No encontrado,2020,"['science', 'health']",14,3.86,http://www.goodreads.com/book/show/55431329-the-removable-root-cause-of-cancers-and-other-chronic-diseases
On the Other Hand: The Little Anthology of Big Questions,Renée Paule,No encontrado,2013,"['philosophy', 'non-fiction', 'self-help', 'inspirational', 'spirituality']",77,4.42,http://www.goodreads.com/book/show/52660896-on-the-other-hand
Blackout,Al   Stone,No encontrado,2014,['young-adult'],46,4.83,http://www.goodreads.com/book/show/13495579-blackout
Lured into Love,Melanie Martins,No encontrado,2021,"['romance', 'erotic-romance', 'romance', 'contemporary-romance', 'adult', 'romance', 'fiction']",455,4.43,http://www.goodreads.com/book/show/50910459-lured-into-love
Undressed,Avery Aster,No encontrado,2013,"['romance', 'adult-fiction', 'erotica', 'contemporary', 'romance', 'erotic-romance', 'erotica', 'menage', 'adult', 'humor', 'womens-fiction', 'chick-lit', 'new-adult', 'romance', 'm-f-romance']",2280,3.63,http://www.goodreads.com/book/show/17553217-undressed
Females of Valor,Widad Akreyi,No encontrado,2021,[],49,4.76,http://www.goodreads.com/book/show/57550595-females-of-valor
Zoroastrians' Fight for Survival,Widad Akreyi,No encontrado,2021,[],53,4.66,http://www.goodreads.com/book/show/57550531-zoroastrians-fight-for-survival
Elliptical door (A multifaceted overview) (US) (2013),Lucio Agustine Rosenkreutz Crăciunescu,No encontrado,2009,[],13,5.0,http://www.goodreads.com/book/show/41009603-elliptical-door-a-multifaceted-overview-us
What You Are Not Being Told About Vaccines: Find out now Before its too Late... Welcome to the Year of Truth 2019 (What You Are Not Being Told About Vacines #1),Sharon Storm,No encontrado,2019,[],271,4.87,http://www.goodreads.com/book/show/44555251-what-you-are-not-being-told-about-vaccines
Is Goat Beef?: Tales from the Front Served with Dishes from the Rear,Jeffery M. Camp,No encontrado,2016,"['humor', 'true-story', 'non-fiction', 'war', 'adventure', 'war', 'military-fiction', 'history', 'adult', 'new-adult', 'inspirational']",313,4.19,http://www.goodreads.com/book/show/33506239-is-goat-beef
Chaos Walking: A Trilogy,Patrick Ness,No encontrado,2010,"['young-adult', 'fantasy', 'science-fiction', 'fiction', 'science-fiction', 'dystopia', 'adventure', 'young-adult', 'young-adult-fantasy', 'adventure', 'survival', 'young-adult', 'teen', 'fantasy', 'magic']",4050,4.48,http://www.goodreads.com/book/show/13047567-chaos-walking
Lift: Five Practices Great Managers Do Consistently: Raise Performance and Morale - See Your Employees Thrive,Raymond   Wheeler,No encontrado,2020,"['how-to', 'non-fiction', 'education', 'inspirational', 'book-club']",436,4.38,http://www.goodreads.com/book/show/55455888-lift
A Connection to Lennon ?,Timothy Dorr,No encontrado,2020,"['contemporary', 'fiction', 'epic', 'novels']",193,4.38,http://www.goodreads.com/book/show/55179036-a-connection-to-lennon
A Unique Kind of Love,Jasmine  Rose,No encontrado,2014,"['romance', 'young-adult', 'contemporary', 'young-adult', 'young-adult-contemporary', 'young-adult', 'young-adult-romance', 'young-adult', 'high-school', 'romance', 'contemporary-romance', 'womens-fiction', 'chick-lit', 'love']",1017,4.17,http://www.goodreads.com/book/show/21841659-a-unique-kind-of-love
Seven Cuts,Kady Hunt,No encontrado,2016,"['young-adult', 'young-adult', 'teen', 'drama', 'dark', 'mental-health', 'mental-illness', 'contemporary']",12,4.17,http://www.goodreads.com/book/show/28960115-seven-cuts
Alphabet Amigos,Angel M. Alvarez,No encontrado,2020,[],28,4.96,http://www.goodreads.com/book/show/56493603-alphabet-amigos
Hunting Human,Amanda E. Alvarez,No encontrado,2011,"['romance', 'paranormal-romance', 'shapeshifters', 'werewolves', 'fantasy', 'paranormal', 'paranormal', 'shapeshifters', 'romance', 'animals', 'wolves', 'fantasy', 'supernatural', 'fantasy', 'fiction', 'fantasy', 'mythology']",286,3.73,http://www.goodreads.com/book/show/10147914-hunting-human
Dark Tower Boxed Set,Stephen King,No encontrado,2002,"['fantasy', 'fiction', 'horror', 'science-fiction', 'thriller', 'romance', 'fantasy', 'epic-fantasy', 'anthologies', 'collections', 'apocalyptic', 'post-apocalyptic', 'drama']",5086,4.5,http://www.goodreads.com/book/show/5092.Dark_Tower_Boxed_Set
Knight in Shining Suit,Jerilee Kaye,No encontrado,2013,"['romance', 'contemporary', 'romance', 'contemporary-romance', 'womens-fiction', 'chick-lit', 'adult', 'young-adult', 'fiction', 'new-adult', 'drama', 'currency', 'money']",3416,4.36,http://www.goodreads.com/book/show/20257391-knight-in-shining-suit
All Hallows Eve,Chelsea Luna,No encontrado,2013,"['young-adult', 'paranormal', 'witches', 'fantasy', 'fantasy', 'paranormal', 'fantasy', 'magic', 'holiday', 'halloween']",508,4.3,http://www.goodreads.com/book/show/17830325-all-hallows-eve
Three Days To See,Helen Keller,No encontrado,1933,"['non-fiction', 'short-stories', 'literature', 'biography', 'classics', 'literature', 'american', 'self-help']",3009,3.83,http://www.goodreads.com/book/show/9031808-three-days-to-see
"Angels and Demons / The Da Vinci Code (Robert Langdon, #1-2)",Dan Brown,No encontrado,2003,"['fiction', 'mystery', 'thriller', 'historical', 'historical-fiction', 'novels', 'mystery', 'crime', 'adventure', 'adult', 'suspense', 'thriller', 'mystery-thriller']",31628,4.26,http://www.goodreads.com/book/show/643301.Angels_and_Demons_The_Da_Vinci_Code
The One,J.K. Accinni,No encontrado,2013,"['science-fiction', 'fantasy', 'science-fiction', 'aliens', 'young-adult']",258,4.45,http://www.goodreads.com/book/show/18044158-the-one
Landfill Dogs book,Shannon Johnstone,No encontrado,2017,[],12,4.67,http://www.goodreads.com/book/show/44159362-landfill-dogs-book
The Friend,Teresa Driscoll,No encontrado,2018,"['thriller', 'mystery', 'fiction', 'suspense', 'thriller', 'psychological-thriller', 'thriller', 'mystery-thriller', 'audiobook', 'mystery', 'crime', 'drama', 'novels']",26129,3.99,http://www.goodreads.com/book/show/35906836-the-friend
When the children come,Barry Kirwan,No encontrado,2021,"['novels', 'drama', 'contemporary']",579,4.37,http://www.goodreads.com/book/show/56590530-when-the-children-come
Origins Of India: Bharatvarsham,Ravi   Pathak,No encontrado,2018,[],28,4.39,http://www.goodreads.com/book/show/38488145-origins-of-india
Feel Me,James  Hudson,No encontrado,2021,"['thriller', 'suspense', 'thriller', 'psychological-thriller', 'mystery']",10,4.7,http://www.goodreads.com/book/show/58158447-feel-me
The Lost Continent,Tui T. Sutherland,No encontrado,2018,"['fantasy', 'fantasy', 'dragons', 'childrens', 'middle-grade', 'fiction', 'childrens', 'young-adult', 'adventure', 'animals', 'audiobook', 'fantasy', 'magic']",7450,4.59,http://www.goodreads.com/book/show/35965782-the-lost-continent
I Don't Want To Be Friends,Camilla Isley,No encontrado,2018,"['new-adult', 'romance', 'contemporary', 'womens-fiction', 'chick-lit', 'new-adult', 'new-adult-romance', 'romance', 'contemporary-romance', 'young-adult', 'academic', 'college', 'love', 'romance', 'clean-romance']",251,4.39,http://www.goodreads.com/book/show/46038462-i-don-t-want-to-be-friends
"Artemis Fowl Boxed Set, Bks 1-5 (Artemis Fowl, #1-5)",Eoin Colfer,No encontrado,2003,"['fantasy', 'young-adult', 'fiction', 'science-fiction', 'childrens', 'adventure', 'childrens', 'middle-grade', 'fantasy', 'magic', 'action', 'fantasy', 'urban-fantasy']",12064,4.3,http://www.goodreads.com/book/show/2358870.Artemis_Fowl_Boxed_Set_Bks_1_5
Fresh,Dennis Sharpe,No encontrado,2011,[],30,4.4,http://www.goodreads.com/book/show/11187936-fresh
Binders Full of Women,Lana Cordova,No encontrado,2012,"['adult-fiction', 'erotica', 'erotica', 'bdsm']",58,3.36,http://www.goodreads.com/book/show/16152079-binders-full-of-women
In the Name of Revenge,Starr Gardinier,No encontrado,2010,[],19,4.37,http://www.goodreads.com/book/show/8466114-in-the-name-of-revenge
The Seventh Spark - Band of Brothers,J.B. Lion,No encontrado,0,"['fiction', 'contemporary', 'drama', 'novels', 'epic']",723,4.36,http://www.goodreads.com/book/show/52123819-the-seventh-spark---band-of-brothers
SHADOW PANTHEON,Eric Nierstedt,No encontrado,2020,"['contemporary', 'drama', 'fiction', 'epic', 'novels']",397,4.3,http://www.goodreads.com/book/show/53935101-shadow-pantheon
Psycho Sitter,Alexandria Ayers,No encontrado,2015,[],287,4.35,http://www.goodreads.com/book/show/24477484-psycho-sitter
Here To Stay,Mark  Edwards,No encontrado,2019,"['thriller', 'fiction', 'mystery', 'thriller', 'mystery-thriller', 'thriller', 'psychological-thriller', 'suspense', 'mystery', 'crime', 'drama', 'audiobook', 'horror']",38430,3.98,http://www.goodreads.com/book/show/42184334-here-to-stay
The Bad Girl and the Good Boy,Karla Luna,No encontrado,2014,"['young-adult', 'new-adult', 'romance', 'romance', 'contemporary-romance', 'humor']",613,4.17,http://www.goodreads.com/book/show/23711387-the-bad-girl-and-the-good-boy
The Boy Most Likely To,Huntley Fitzpatrick,No encontrado,2015,"['young-adult', 'contemporary', 'romance', 'realistic-fiction', 'young-adult', 'young-adult-contemporary', 'fiction', 'romance', 'contemporary-romance', 'new-adult', 'young-adult', 'young-adult-romance', 'audiobook']",14540,3.78,http://www.goodreads.com/book/show/18392495-the-boy-most-likely-to
Mayfair Witches Collection,Anne Rice,No encontrado,1995,"['fiction', 'horror', 'fantasy', 'fantasy', 'paranormal', 'paranormal', 'witches', 'fantasy', 'supernatural', 'fantasy', 'urban-fantasy', 'adult', 'paranormal', 'vampires', 'romance', 'paranormal-romance']",6185,4.23,http://www.goodreads.com/book/show/43815.Mayfair_Witches_Collection
The Prisoner in the Oak,Marion Zimmer Bradley,No encontrado,1982,"['fantasy', 'fiction', 'historical', 'historical-fiction', 'romance', 'audiobook', 'mythology', 'arthurian', 'classics', 'fantasy', 'mythology', 'historical', 'adult']",4326,4.16,http://www.goodreads.com/book/show/18887.The_Prisoner_in_the_Oak
Seducing the Myth,Lucy Felthouse,No encontrado,2011,"['fantasy', 'adult-fiction', 'erotica', 'romance', 'anthologies', 'fantasy', 'paranormal', 'fantasy', 'supernatural', 'fantasy', 'mythology']",45,4.02,http://www.goodreads.com/book/show/12042088-seducing-the-myth
Shalmar,Serena Whynd,No encontrado,2018,"['fantasy', 'fantasy', 'mythology']",43,4.33,http://www.goodreads.com/book/show/43228184-shalmar
Secrets of Jewish Wealth Revealed! ,Celso Cukierkorn,No encontrado,2010,"['currency', 'money', 'economics', 'finance', 'non-fiction', 'literature', 'jewish']",201,4.21,http://www.goodreads.com/book/show/9972090-secrets-of-jewish-wealth-revealed
Fantacia,Ruth Watson-Morris,No encontrado,2011,['fantasy'],40,4.73,http://www.goodreads.com/book/show/16075193-fantacia
Born Slippy,Tom Lutz,No encontrado,2020,['fiction'],72,3.94,http://www.goodreads.com/book/show/52117102-born-slippy
Ved Maya,Vineeta Malhotra Taneja,No encontrado,2019,[],145,4.78,http://www.goodreads.com/book/show/45286378-ved-maya
The Trouble with Romance,Tamara Philip,No encontrado,2015,[],32,4.53,http://www.goodreads.com/book/show/24889889-the-trouble-with-romance
Freelancing And Outsourcing-How to Outsource Excessive Workload,Maria Johnsen,No encontrado,2013,['business'],11,4.91,http://www.goodreads.com/book/show/21780302-freelancing-and-outsourcing-how-to-outsource-excessive-workload
(Un) Spoken,Dennis Sharpe,No encontrado,2010,[],24,4.58,http://www.goodreads.com/book/show/11187937-un-spoken
Save Me,Big Hit Entertainment,No encontrado,2019,"['sequential-art', 'graphic-novels', 'sequential-art', 'manga', 'fantasy', 'sequential-art', 'comics', 'manga', 'manhwa', 'contemporary', 'young-adult', 'sequential-art', 'webcomic', 'fiction', 'mystery']",3953,4.59,http://www.goodreads.com/book/show/54710154-save-me
Sir Gibbie,George MacDonald,No encontrado,1879,"['fiction', 'classics', 'christian', 'historical', 'historical-fiction', 'christian-fiction', 'cultural', 'scotland', 'fantasy', 'childrens', 'religion', 'christianity', 'young-adult']",1566,4.3,http://www.goodreads.com/book/show/541924.Sir_Gibbie
Her Forbidden Rockstar,Sarah  Robinson,No encontrado,2013,"['romance', 'music', 'new-adult', 'romance', 'contemporary-romance', 'contemporary']",381,3.6,http://www.goodreads.com/book/show/18464372-her-forbidden-rockstar
Heart of the Country,Greg Matthews,No encontrado,1986,"['historical', 'historical-fiction', 'westerns', 'fiction']",409,4.03,http://www.goodreads.com/book/show/889615.Heart_of_the_Country
"The Complete Works of William Shakespeare (37 plays, 160 sonnets and 5 Poetry Books With Active Table of Contents)",William Shakespeare,No encontrado,1623,"['classics', 'poetry', 'fiction', 'plays', 'drama', 'literature', 'reference', 'plays', 'theatre', 'classics', 'classic-literature', 'historical', 'historical-fiction']",53006,4.48,http://www.goodreads.com/book/show/31935106-the-complete-works-of-william-shakespeare
Prodigal Son,Dean Koontz,No encontrado,2005,"['horror', 'fiction', 'thriller', 'fantasy', 'mystery', 'science-fiction', 'suspense', 'fantasy', 'paranormal', 'horror', 'victor-frankenstein', 'audiobook']",33954,4.03,http://www.goodreads.com/book/show/21337.Prodigal_Son
الشيخ زعرب وآخرون,يوسف السباعي,No encontrado,No encontrado,"['short-stories', 'fiction']",153,3.64,http://www.goodreads.com/book/show/2930763
ئەلف,Paulo Coelho,No encontrado,2010,"['fiction', 'novels', 'philosophy', 'spirituality', 'literature', 'inspirational', 'fantasy', 'contemporary', 'adult', 'unfinished']",33514,3.38,http://www.goodreads.com/book/show/23454277
Las Vegas on Twelve Dollars a Day,Mike Bennett,No encontrado,2020,"['fiction', 'contemporary', 'novels', 'drama']",401,4.28,http://www.goodreads.com/book/show/56134143-las-vegas-on-twelve-dollars-a-day
It's All Relative,S.C. Stephens,No encontrado,2010,"['romance', 'new-adult', 'romance', 'contemporary-romance', 'contemporary', 'young-adult', 'adult', 'womens-fiction', 'chick-lit', 'young-adult', 'young-adult-romance', 'love', 'fantasy']",2699,3.69,http://www.goodreads.com/book/show/10150892-it-s-all-relative
"The Good, The Bad, And The Bullied",Rubix Cube 89201,No encontrado,2015,"['contemporary', 'romance', 'young-adult', 'fiction', 'young-adult', 'teen', 'humor', 'young-adult', 'high-school', 'humor', 'comedy', 'academic', 'school', 'realistic-fiction']",1686,4.45,http://www.goodreads.com/book/show/25681160-the-good-the-bad-and-the-bullied
Western Song,Leigh Podgorski,No encontrado,2017,"['romance', 'romance', 'love-story', 'fiction', 'new-adult', 'novels', 'adventure', 'young-adult', 'drama', 'adult-fiction']",150,4.21,http://www.goodreads.com/book/show/35225043-western-song
The Chronicles of Neffie,A.L. Gibson,No encontrado,2018,"['young-adult', 'novels', 'new-adult', 'fiction', 'adult', 'drama']",188,4.18,http://www.goodreads.com/book/show/37807907-the-chronicles-of-neffie
My Sister Lives on the Mantelpiece,Annabel Pitcher,No encontrado,2011,"['young-adult', 'fiction', 'contemporary', 'childrens', 'middle-grade', 'realistic-fiction', 'audiobook', 'death', 'childrens', 'family', 'drama']",13159,4.02,http://www.goodreads.com/book/show/9429895-my-sister-lives-on-the-mantelpiece
The Snow Gypsy,Lindsay Ashford,No encontrado,2019,"['historical', 'historical-fiction', 'fiction', 'historical', 'war', 'cultural', 'spain', 'war', 'world-war-ii', 'business', 'amazon', 'adult', 'novels', 'drama']",19784,3.94,http://www.goodreads.com/book/show/40607608-the-snow-gypsy
"Artemis Fowl Collection (Artemis Fowl, #1-7)",Eoin Colfer,No encontrado,2010,"['fantasy', 'young-adult', 'fiction', 'science-fiction', 'childrens', 'fantasy', 'magic', 'childrens', 'middle-grade', 'novels', 'audiobook', 'humor']",3453,4.41,http://www.goodreads.com/book/show/11387535-artemis-fowl-collection
Her Lover's Face,Patricia  Elliott,No encontrado,2018,[],41,4.59,http://www.goodreads.com/book/show/38456669-her-lover-s-face
White Knight Dom Academy,Lucian Bane,No encontrado,2014,[],347,4.49,http://www.goodreads.com/book/show/23494875-white-knight-dom-academy
Crash Lane News,CrashLaneNews.com,No encontrado,2015,"['contemporary', 'adult', 'education', 'new-adult', 'novels', 'inspirational']",140,4.3,http://www.goodreads.com/book/show/30109629-crash-lane-news
The Overdue Life of Amy Byler,Kelly Harms,No encontrado,2019,"['fiction', 'romance', 'womens-fiction', 'chick-lit', 'contemporary', 'audiobook', 'adult', 'adult-fiction', 'humor', 'writing', 'books-about-books', 'womens-fiction']",89230,3.83,http://www.goodreads.com/book/show/41723475-the-overdue-life-of-amy-byler
Imitatore (The Donna Chronicles #1),A.   Rose,No encontrado,2018,"['fantasy', 'young-adult', 'adventure', 'adult', 'fiction', 'fantasy', 'supernatural', 'novels', 'new-adult']",151,4.19,http://www.goodreads.com/book/show/38592955-imitatore
The New Oxford American Dictionary,Oxford University Press,No encontrado,1962,"['reference', 'reference', 'dictionaries', 'non-fiction', 'contemporary', 'drama', 'unfinished', 'education', 'suspense', 'epic', 'humanities', 'linguistics']",9033,3.79,http://www.goodreads.com/book/show/18715598-the-new-oxford-american-dictionary
